{
  "coefficients": [
    5.921360251555502,
    1.0509819778858633,
    954.3586369768515,
    -86.4691616323533,
    -794.2905809520435,
    -11.021909185553191,
    -1.6719314059968213,
    -300.58981216999535
  ],
  "intercept": 10948.051893253305,
  "feature_names": [
    "Brand",
    "Model",
    "Engine_Size",
    "Fuel_Type",
    "Transmission",
    "Doors",
    "Owner_Count",
    "Car_Age"
  ]
}