{"coefficients": [0.0005286762219586653, -6.424881178662574e-05, 0.14723924949679756, -0.013738900966105421, -0.09597072090424032, 0.0012336792541267922, -0.0003855340083456536, -0.2127167055032312, -0.26389621348172293], "intercept": 9.129505925290527, "feature_names": ["Brand", "Model", "Engine_Size", "Fuel_Type", "Transmission", "Doors", "Owner_Count", "Mileage_log", "Car_Age"]}