{
  "poly_degree": 3,
  "scaler_mean": [
    4.454864593781344,
    14.35168004012036,
    2.9987838515546517,
    1.4806920762286861,
    0.9904714142427282,
    150062.64731695084,
    3.499122367101304,
    2.9877131394182546,
    13.444332998996991,
    28.14393179538616,
    71.80917753259779,
    13.331055667000966,
    6.574849548645938,
    4.417627883650953,
    666093.3060431294,
    15.607196589769307,
    13.382021063189569,
    59.881394182547645,
    281.12700601805415,
    43.02741975927775,
    21.224924774322968,
    14.108826479438315,
    2149872.256644935,
    50.38866599799398,
    43.27394684052157,
    193.26642427281845,
    10.310414994984972,
    4.433400200601801,
    2.9617728184553673,
    451738.31137161417,
    10.478422768304885,
    8.982347041123369,
    40.33094282848534,
    3.4197592778335006,
    1.4655215646940822,
    221576.4756770311,
    5.18994483450351,
    4.414994984954864,
    19.961509528585758,
    1.6496990972918757,
    149856.72893681042,
    3.4714142427281844,
    2.9582497492477433,
    13.377507522567702,
    29958677342.447216,
    525569.4452106319,
    448961.33976930793,
    2021438.4778084252,
    13.47981444332999,
    10.449974924774322,
    46.91574724172518,
    10.950852557673018,
    40.15985456369107,
    228.12387161484455,
    200.0085255767302,
    470.74623871614847,
    84.18378886659973,
    41.60017552657974,
    27.968530591775327,
    4200214.174147442,
    98.46000501504514,
    84.56231193580743,
    378.04588766298895,
    1427.5581745235706,
    214.97479939819365,
    105.82146439317954,
    70.60744734202608,
    10751316.838014042,
    251.96288866599798,
    216.84327983951854,
    963.5594282848546,
    45.80013415245748,
    19.610017552657983,
    13.209390672016053,
    1996566.567427279,
    46.55460130391194,
    40.15174272818467,
    179.23088014042074,
    15.166875626880643,
    6.533726178535606,
    981543.8316198596,
    23.042502507522567,
    19.710255767301906,
    88.5582998996991,
    7.346163490471414,
    670797.9340521565,
    15.521564694082247,
    13.282221664994985,
    59.66938314944834,
    132512323776.8384,
    2336373.0408726176,
    2005509.742352056,
    8954350.250877634,
    60.19771815446339,
    46.809929789368105,
    208.96125877632898,
    49.24109829488465,
    179.50827482447343,
    1016.7344533600802,
    6198.719282848546,
    842.3654087261804,
    416.3036609829488,
    274.81268806419257,
    42134521.775200605,
    989.2876128385155,
    849.3627131394182,
    3793.988590772317,
    147.975668254765,
    63.417740722166464,
    42.12295636910729,
    6470409.001115849,
    150.97763289869576,
    130.07098796389164,
    579.2147693079264,
    48.954864593781345,
    20.899197592778336,
    3177618.627758275,
    74.77733199598796,
    63.83525576730191,
    286.2165245737212,
    23.468906720160483,
    2142697.2349548647,
    49.51567201604814,
    42.58161985957874,
    190.65195586760282,
    428728221419.4314,
    7546570.524072217,
    6481516.994358074,
    28992797.679162487,
    194.6765295887663,
    151.7543881644935,
    676.4552407221665,
    159.371740220662,
    584.72592778335,
    3282.9647693079237,
    38.81914004513491,
    15.238370110331047,
    10.185735957873613,
    1556694.2435895184,
    35.99364969909748,
    30.98083751253766,
    138.8631494483452,
    10.249749247743233,
    4.362349548645945,
    665371.6328109325,
    15.515396188565722,
    13.242527582748243,
    59.876968405215564,
    4.92852306920762,
    449973.0357948854,
    10.375589267803367,
    8.870336008024093,
    40.06754012036103,
    90301141680.14555,
    1582655.7982196566,
    1353789.223457872,
    6082415.003121871,
    40.34384403209623,
    31.37477432296891,
    140.63492978936804,
    32.95739719157477,
    120.67631644934828,
    684.6756519558661,
    8.737713139418254,
    3.392051153460381,
    511465.1843029087,
    11.998370110330994,
    10.184052156469408,
    46.124498495486456,
    2.443706118355065,
    220860.89142427282,
    5.133650952858575,
    4.363214643931795,
    19.80127883650953,
    44382596001.003006,
    778382.8526830492,
    664400.7359578736,
    2987424.8668505517,
    20.02018555667001,
    15.478560682046139,
    69.76191073219658,
    16.150451354062188,
    59.38615847542628,
    340.0520310932798,
    2.9681544633901704,
    249826.2512537613,
    5.785356068204614,
    4.930917753259779,
    22.28021564694082,
    30048792766.75301,
    525364.2158976931,
    449901.7582748245,
    2037293.9373119357,
    13.398194583751254,
    10.341273821464393,
    46.72279338014042,
    10.83387662988967,
    39.917251755265795,
    227.3742477432297,
    6723403574292801.0,
    104904607993.8898,
    89759135903.15747,
    403866650538.2812,
    2025328.6041875626,
    1571526.997993982,
    7062313.179037111,
    1647154.5749749248,
    6032969.451228686,
    34382195.21978436,
    55.823846539618856,
    40.250626880641924,
    180.22342026078235,
    38.31356569709127,
    140.050777331996,
    794.6399197592779,
    44.86133400200602,
    147.19997492477432,
    682.2421013039117,
    4340.816449348044
  ],