{"ridge_intercept": 9.279581592324957, "ridge_coefficients": [0.0009230071371038192, 0.14687492545323233, -0.23453391785468303, -0.2581542381041544, 0.30626844130997044, 0.002087385283363086, -0.0008901430572685423, -0.0005473147511601583, -0.010797469022960826, -0.06992770226854082, -0.03365644278869743, -0.03731631196780644, -0.12495593627333863, 0.001550226699088617, 8.592053258800616e-05, 0.0016129660556432651, -0.008413617631268033, -0.003181494079683981, -0.14042398267166634, -0.00031814528179819793, 0.0011457044729032517], "scaler_mean": [4.493375, 2.9968874999999997, 364.2700826803471, 13.479625, 1.502125, 0.9925, 3.503625], "scaler_scale": [2.8848667403148798, 1.1531648027683425, 129.5542747810856, 6.897360716924626, 1.1079239524331082, 0.8180426333633231, 1.1114121015064575]}