{"Engine_Size": {"mean": -6.85886453885364e-17, "std": 1.0000501491938831}, "Mileage_log": {"mean": 9.263920935594526e-18, "std": 1.0000501491938831}, "Car_Age": {"mean": 3.420524653142594e-17, "std": 1.0000501491938831}, "Doors": {"mean": 2.28747586178911e-16, "std": 1.0000501491938834}, "Price_per_Mileage": {"mean": -1.460849070612983e-17, "std": 1.0000501491938834}, "Price_per_EngineSize": {"mean": 1.532110000886787e-16, "std": 1.0000501491938831}}