{"lasso_intercept": 9.213440792427834, "lasso_coefficients": [0.0, 0.07849652246201998, -0.17262545643911492, -0.1622005645414687, 0.10434536114550316, 0.0, 0.0, -0.0, -0.0, 0.0, 0.0, -0.0, -0.0, 0.0, -0.0, 0.022812292568977283, 0.027859285052715167, -0.0003340773246272891, 0.0, 0.0, -0.05126331300349849, -0.05136530866778359, 0.005625438333738337, 0.0, 0.0, -0.022145239657686628, 0.008496623908118187, -0.0, 0.0, -0.023555942326942515, 0.0, 0.0, -0.10831399614257668, 0.0, 0.0, 0.0, 0.0008182800268640025, -0.0017980751490134417, -0.0007534583406140134, 0.0, 0.0, 0.0, 0.0, 0.0, -0.0, 0.0, 0.0, 0.0, 0.0, 0.0, -0.0, 0.0, 0.0, 0.0, -0.0, -0.0, -0.0, 0.0, -0.0, -0.0, 0.0, 0.0, 0.0, 0.014079775131962818, -0.0030028312689957828, -0.00415819933455134, 0.0009975689064209566, 0.0, 0.0, 0.004368100955634344, 0.0017672420563449082, -0.0, -0.0, 0.0, 0.00639316404026934, -0.0, 0.0, 0.0, 0.0063414809644761145, -0.0, -0.0, 0.01839689699289257, -0.0, 0.0, -0.00414922295172124, -0.012043713530607849, 0.0, 0.0, 0.0, -0.009176779669043005, 0.0, 0.0, 0.0, -0.00841863660595501, -0.0, -0.0, -0.0274014922515695, -0.0, -0.0, -0.016850490703692458, 0.003345072887120211, 0.0, 0.0, -0.01052653723083387, -0.0, 0.0, -0.03415177033343339, 0.0, -0.0, -0.03212498423914628, 0.0, 0.0, 0.008278133305729848, -0.0, 0.0, 0.0, 0.0, 0.0, 0.0], "scaler_mean": [4.493375, 2.9968874999999997, 364.2700826803471, 13.479625, 1.502125, 0.9925, 3.503625], "scaler_scale": [2.8848667403148798, 1.1531648027683425, 129.5542747810856, 6.897360716924626, 1.1079239524331082, 0.8180426333633231, 1.1114121015064575]}